USE cafeteria_DB
GO



-- SELECT*
-- FROM CANVA
--CANVA DATA
INSERT INTO CANVA (ID_CANVA, WIDTH, HEIGHT, CREATED_AT, UPDATE_AT) VALUES  
('C001', 800.0, 600.0, GETDATE(),GETDATE()),  
('C002', 1024.0, 768.0, GETDATE(),GETDATE()),  
('C003', 1280.0, 720.0, GETDATE(),GETDATE());

-- SELECT*
-- FROM ADMIN 
--ADMIN DATA
INSERT INTO ADMIN (ID_ADMIN, EMAIL, PASSWORDHASH, SALT, CREATED_AT, UPDATE_AT) VALUES 
('dbo', 'admindbo@example.com', CONVERT(VARBINARY(64), 'passworddbo'), CONVERT(VARBINARY(16), '0'), GETDATE(),GETDATE()),  
('A001', 'admin1@example.com', CONVERT(VARBINARY(64), 'password1'), CONVERT(VARBINARY(16), '0'), GETDATE(),GETDATE()),  
('A002', 'admin2@example.com', CONVERT(VARBINARY(64), 'password2'), CONVERT(VARBINARY(16), '0'), GETDATE(),GETDATE()),  
('A003', 'admin3@example.com', CONVERT(VARBINARY(64), 'password3'), CONVERT(VARBINARY(16), '0'), GETDATE(),GETDATE());


-- SELECT*
-- FROM CANVA_ADMIN
--CANVA_ADMIN DATA
INSERT INTO CANVA_ADMIN (ID_CANVA, ID_ADMIN, LOGIN_STATUS, CREATED_AT, UPDATE_AT) VALUES  
('C001', 'dbo', 'active', GETDATE(),GETDATE()),  
('C001', 'A001', 'active', GETDATE(),GETDATE()),  
('C001', 'A002', 'inactive', GETDATE(),GETDATE()),  
('C002', 'A003', 'active', GETDATE(),GETDATE());


-- SELECT*
-- FROM SHAPE_TYPE
--SHAPE_TYPE DATA
INSERT INTO SHAPE_TYPE (ID_SHAPE, WIDTH, HEIGHT, RADIUS, SHAPE_TYPENAME, CREATED_AT, UPDATE_AT) VALUES  
('S001', 100.0, 50.0, 0, 'Rectangle w100 h50', GETDATE(),GETDATE()),  
('S002', 75.0, 75.0, 0, 'Rectangle w75 h75', GETDATE(),GETDATE()),  
('S003', 60.0, 80.0, 0, 'Rectangle w60 h80', GETDATE(),GETDATE()),
('S004', 0, 0, 100.0, 'Circle r100', GETDATE(),GETDATE()),  
('S005', 0, 0, 75.0, 'Circle r75', GETDATE(),GETDATE()),  
('S006', 0, 0, 60.0, 'Circle r60', GETDATE(),GETDATE());

-- SELECT *
-- FROM CAFETERIA_TABLE 
--CAFETERIA_TABLE DATA
INSERT INTO CAFETERIA_TABLE (ID_TABLE, X_COORDINATE, Y_COORDINATE, ID_SHAPE, ID_CANVA, ID_ADMIN, TABLE_STATUS, CREATED_AT, UPDATE_AT) VALUES  
('T001', 0, 0, 'S001', 'C001', 'A001', 'available', GETDATE(),GETDATE()),  
('T002', 0, 0, 'S002', 'C001', 'A002', 'occupied', GETDATE(),GETDATE()),
('T003', 0, 0, 'S002', 'C002', 'A003', 'occupied', GETDATE(),GETDATE()),
('T004', 0, 0, 'S004', 'C002', 'A003', 'available', GETDATE(),GETDATE()),
('T005', 0, 0, 'S006', 'C002', 'A003', 'occupied', GETDATE(),GETDATE());


-- SELECT*
-- FROM FOOD_TYPE
--FOOD_TYPE DATA
INSERT INTO FOOD_TYPE (ID_FOOD, FOOD_NAME, FOOD_TYPENAME, AMOUNT_LEFT, PRICE, FOOD_TYPE_STATUS, CREATED_AT, UPDATE_AT, IMAGE_LINK) VALUES  
('F001', 'Honey Jasmine Green', 'Tea', 20, 5.99, 'available', GETDATE(),GETDATE(), './public/tea1.svg'),  
('F002', 'Raspberry Snow', 'Tea', 15, 8.99, 'available', GETDATE(),GETDATE(), './public/tea2.svg'),  
('F003', 'Pure Coffee', 'Coffee', 30, 4.99, 'available', GETDATE(),GETDATE(), '/public/coffee1.svg'),
('F004', 'Iced Coffee with Milk', 'Coffee', 30, 5.99, 'available', GETDATE(),GETDATE(), './public/coffee2.svg');


-- SELECT*
-- FROM FOOD_TABLE
--FOOD_TABLE DATA
INSERT INTO FOOD_TABLE (ID_FOOD, ID_TABLE, AMOUNT_IN_TABLE, CREATED_AT, UPDATE_AT) VALUES  
('F001', 'T001', 5, GETDATE(),GETDATE()),  
('F002', 'T002', 3, GETDATE(),GETDATE()),
('F001', 'T002', 3, GETDATE(),GETDATE()),
('F001', 'T003', 3, GETDATE(),GETDATE()),
('F004', 'T003', 10, GETDATE(),GETDATE());